{"count":1,"self":12.4883248,"total":50.384167399999995,"children":{"InitializeActuators":{"count":16,"self":0.0019944999999999997,"total":0.0019944999999999997,"children":null},"InitializeSensors":{"count":16,"self":0.0019942,"total":0.0019942,"children":null},"AgentSendState":{"count":7717,"self":0.060043799999999994,"total":0.5269336,"children":{"CollectObservations":{"count":24704,"self":0.20904799999999998,"total":0.20904799999999998,"children":null},"WriteActionMask":{"count":24704,"self":0.0020277999999999997,"total":0.0020277999999999997,"children":null},"RequestDecision":{"count":24704,"self":0.0642485,"total":0.255814,"children":{"AgentInfo.ToProto":{"count":24704,"self":0.0328569,"total":0.1915655,"children":{"GenerateSensorData":{"count":24704,"self":0.1587086,"total":0.1587086,"children":null}}}}}}},"DecideAction":{"count":7717,"self":20.0336176,"total":20.0336172,"children":null},"AgentAct":{"count":7717,"self":17.324601599999998,"total":17.324602199999998,"children":null},"AgentInfo.ToProto":{"count":455,"self":0.0031899999999999997,"total":0.005705,"children":{"GenerateSensorData":{"count":455,"self":0.002515,"total":0.002515,"children":null}}}},"gauges":{"MoveToGoal.CumulativeReward":{"count":455,"max":10,"min":-11,"runningAverage":-3.9164834,"value":-5,"weightedAverage":-5.82761765}},"metadata":{"timer_format_version":"0.1.0","start_time_seconds":"1687527652","unity_version":"2021.3.22f1","command_line_arguments":"D:\\Unity\\Editor\\2021.3.22f1\\Editor\\Unity.exe -projectpath D:\\Unity Projects\\KbGame_MlAgents -useHub -hubIPC -cloudEnvironment production","communication_protocol_version":"1.5.0","com.unity.ml-agents_version":"2.3.0-exp.3","scene_name":"Project","end_time_seconds":"1687527702"}}